Name,Physics - Internals,Physics - ESA,PSWC - Internals,PSWC - ESA,Mathematics - Internals,Mathematics - ESA,Electrical - Internals,Electrical - ESA,Mechanical - Internals,Mechanical - ESA
Arya,87.000000,92.000000,95.000000,91.000000,83.000000,95.000000,91.000000,89.000000,84.000000,77.000000
Hansika,79.000000,82.000000,90.000000,88.000000,79.000000,73.000000,91.000000,84.000000,86.000000,82.000000
Nidhi,93.000000,87.000000,85.000000,74.000000,92.000000,72.000000,90.000000,88.000000,75.000000,77.000000
Prachi,90.000000,84.000000,97.000000,82.000000,81.000000,79.000000,87.000000,85.000000,72.000000,79.000000
Sharadhi,95.000000,91.000000,87.000000,83.000000,86.000000,91.000000,87.000000,92.000000,91.000000,78.000000
